{
  "scales": [
    1.3818181818181818,
    0.8545454545454545,
    0.6545454545454545,
    0.8666666666666667,
    0.7909090909090909,
    0.6,
    1.4090909090909092,
    1.4272727272727272,
    0.6636363636363636,
    1.3272727272727272,
    0.6242424242424243,
    0.6242424242424243,
    0.6,
    0.8636363636363635
  ],
  "n_steps": 100,
  "scale_min": 0.6,
  "scale_max": 1.5,
  "adaptive_scale_max": true,
  "small_class_threshold": 150,
  "small_class_scale_max": 3.0
}